Time,Altitude,Pressure,Velocity,Temperature,Events,Voltages
0.00,3.062368E-06,1016.90,0,77.9, -,8.712564
0.05,8.168256,1016.60,7.761905,77.9, -,8.712564
0.10,19.05953,1016.20,18.14286,77.9, -,8.712564
0.15,24.5073,1016.00,23.33333,77.9, -,8.712564
0.20,32.67974,1015.70,31.09524,77.9, -,8.712564
0.25,40.85415,1015.40,38.85714,77.9, -,8.712564
0.30,51.7575,1015.00,49.23809,77.9, -,8.712564
0.35,59.93647,1014.70,57.04762,77.9, -,8.712564
0.40,73.573,1014.20,70.04762,77.9, -,8.712564
0.45,84.4868,1013.80,80.42857,77.9, -,8.712564
0.50,92.67361,1013.50,88.2381,77.9, -,8.712564
0.55,100.8624,1013.20,96.04762,77.9, -,8.693115
0.60,117.2475,1012.60,111.6667,77.9, -,8.693115
0.65,125.4421,1012.30,119.4762,77.9, -,8.693115
0.70,136.3709,1011.90,129.9048,77.9, -,8.693115
0.75,147.3048,1011.50,140.3333,77.9, -,8.693115
0.80,163.7105,1010.90,155.9524,77.9, -,8.693115
0.85,177.3885,1010.40,169,77.9, -,8.693115
0.90,188.3355,1010.00,179.4286,77.9, -,8.693115
0.95,199.2861,1009.60,189.8571,77.9, -,8.693115
1.00,218.4555,1008.90,208.0952,77.9, -,8.693115
1.05,232.1555,1008.40,221.1429,77.9, -,8.693115
1.10,248.6037,1007.80,229.0476,77.9, -,8.693115
1.15,259.572,1007.40,229.0952,77.9, -,8.693115
1.20,276.0334,1006.80,239.5714,77.9, -,8.693115
1.25,287.0105,1006.40,242.2857,77.9, -,8.693115
1.30,300.738,1005.90,247.619,77.9, -,8.693115
1.35,314.4711,1005.40,250.3333,77.9, -,8.693115
1.40,330.959,1004.80,258.2381,77.9, -,8.693115
1.45,347.4533,1004.20,260.9524,77.9, -,8.693115
1.50,369.4587,1003.40,271.5238,77.9, -,8.693115
1.55,388.7256,1002.70,282.0476,77.9, -,8.693115
1.60,402.4942,1002.20,287.3333,77.9, -,8.693115
1.65,419.0248,1001.60,287.4762,77.9, -,8.693115
1.70,435.5618,1001.00,295.4286,77.9, -,8.693115
1.75,446.592,1000.60,295.5238,77.9, -,8.693115
1.80,463.1423,1000.00,300.8571,77.9, -,8.693115
1.85,482.4623,999.30,303.619,77.9, -,8.693115
1.90,504.555,998.50,311.619,77.9, -,8.693115
1.95,521.1335,997.90,317,77.9, -,8.693115
2.00,540.4865,997.20,325,77.9, -,8.693115
2.05,557.0842,996.60,322.5714,77.9, -,8.693115
2.10,579.2254,995.80,330.619,77.9, -,8.693115
2.15,593.0712,995.30,328.1429,77.9, -,8.693115
2.20,609.6929,994.70,333.5238,77.9, -,8.693115
2.25,626.3243,994.10,333.7143,77.9, -,8.693115
2.30,637.4148,993.70,333.8095,77.9, -,8.693115
2.35,659.6083,992.90,341.8571,77.9, -,8.693115
2.40,679.0402,992.20,347.2857,77.9, -,8.693115
2.45,695.7056,991.60,347.4286,77.9, -,8.693115
2.50,715.1564,990.90,350.2381,77.9, -,8.693115
2.55,740.1833,990.00,353.1429,77.9, -,8.712564
2.60,762.444,989.20,356,77.9, -,8.712564
2.65,776.3645,988.70,356.1429,77.9, -,8.712564
2.70,793.0777,988.10,356.2857,77.9, -,8.712564
2.75,807.0108,987.60,353.8095,77.9, -,8.712564
2.80,820.9496,987.10,356.5714,77.9, -,8.712564
2.85,837.683,986.50,356.7619,77.9, -,8.712564
2.90,862.8004,985.60,362.2857,77.9, -,8.712564
2.95,879.5544,985.00,357.1905,77.9, -,8.712564
3.00,899.1124,984.30,360,77.9, -,8.712564
3.05,918.6816,983.60,360.1905,77.9, -,8.712564
3.10,929.8679,983.20,355.0476,77.9, -,8.712564
3.15,949.4549,982.50,352.619,77.9, -,8.712564
3.20,969.0532,981.80,358.0952,77.9, -,8.712564
3.25,988.6628,981.10,360.9524,77.9, -,8.712564
3.30,1008.282,980.40,363.7619,77.9, -,8.712564
3.35,1025.11,979.80,369.2381,77.9, -,8.712564
3.40,1047.558,979.00,369.4762,77.9, -,8.712564
3.45,1070.021,978.20,372.3333,77.9, -,8.712564
3.50,1095.311,977.30,380.5714,77.9, -,8.693115
3.55,1114.994,976.60,380.8095,77.9, -,8.693115
3.60,1129.059,976.10,370.3333,77.9, -,8.693115
3.65,1145.945,975.50,365.2381,77.9, -,8.693115
3.70,1165.657,974.80,370.7619,77.9, -,8.693115
3.75,1185.381,974.10,373.619,77.9, -,8.693115
3.80,1207.936,973.30,381.8095,77.9, -,8.693115
3.85,1230.505,972.50,390,77.9, -,8.693115
3.90,1247.442,971.90,390.1905,77.9, -,8.693115
3.95,1264.389,971.30,382.4286,77.9, -,8.693115
4.00,1284.17,970.60,385.3333,77.9, -,8.693115
4.05,1301.133,970.00,382.8571,77.9, -,8.693115
4.10,1323.765,969.20,385.8095,77.9, -,8.693115
4.15,1343.581,968.50,394,77.9, -,8.693115
4.20,1360.574,967.90,391.5238,77.9, -,8.693115
4.25,1377.578,967.30,389.0476,77.9, -,8.693115
4.30,1388.916,966.90,381.1905,77.9, -,8.693115
4.35,1408.77,966.20,381.4286,77.9, -,8.693115
4.40,1428.636,965.50,384.2857,77.9, -,8.693115
4.45,1448.513,964.80,381.8571,77.9, -,8.693115
4.50,1465.559,964.20,376.7143,77.9, -,8.693115
4.55,1482.616,963.60,368.8571,77.9, -,8.693115
4.60,1499.679,963.00,366.3333,77.9, -,8.693115
4.65,1513.905,962.50,366.5238,77.9, -,8.693115
4.70,1536.68,961.70,372.0952,77.9, -,8.693115
4.75,1553.772,961.10,369.619,77.9, -,8.693115
4.80,1568.021,960.60,364.4286,77.9, -,8.693115
4.85,1585.128,960.00,359.2381,77.9, -,8.693115
4.90,1605.097,959.30,356.7619,77.9, -,8.693115
4.95,1622.222,958.70,356.9524,77.9, -,8.693115
5.00,1642.214,958.00,359.8571,77.9, -,8.693115
5.05,1659.358,957.40,357.3333,77.9, -,8.693115
5.10,1670.793,957.00,352.0952,77.9, -,8.693115
5.15,1687.952,956.40,346.8571,77.9, -,8.693115
5.20,1705.121,955.80,344.3333,77.9, -,8.693115
5.25,1722.297,955.20,344.5238,77.9, -,8.693115
5.30,1748.078,954.30,352.9048,77.9, -,8.693115
5.35,1762.41,953.80,355.7619,77.9, -,8.693115
5.40,1773.878,953.40,347.7619,77.9, -,8.693115
5.45,1791.091,952.80,345.2381,77.9, -,8.693115
5.50,1808.311,952.20,342.6667,77.9, -,8.693115
5.55,1822.668,951.70,340.0952,77.9, -,8.693115
5.60,1845.651,950.90,345.7619,77.9, -,8.693115
5.65,1860.024,950.40,343.1905,77.9, -,8.693115
5.70,1871.528,950.00,340.5714,77.9, -,8.693115
5.75,1885.912,949.50,332.619,77.9, -,8.693115
5.80,1903.18,948.90,332.7619,77.9, -,8.693115
5.85,1917.578,948.40,332.9048,77.9, -,8.693115
5.90,1937.745,947.70,335.8095,77.9, -,8.693115
5.95,1955.041,947.10,333.2857,77.9, -,8.693115
6.00,1966.575,946.70,327.9524,77.9, -,8.693115
6.05,1981,946.20,322.619,77.9, -,8.693115
6.10,1995.431,945.70,320.0476,77.9, -,8.693115
6.15,2009.868,945.20,322.9048,77.9, -,8.693115
6.20,2027.201,944.60,323.0952,77.9, -,8.693115
6.25,2044.542,944.00,323.2857,77.9, -,8.693115
6.30,2053.215,943.70,315.1429,77.9, -,8.693115
6.35,2064.785,943.30,301.5714,77.9, -,8.693115
6.40,2082.145,942.70,304.4286,77.9, -,8.693115
6.45,2093.725,942.30,304.5714,77.9, -,8.693115
6.50,2108.204,941.80,302,77.9, -,8.693115
6.55,2125.586,941.20,302.1905,77.9, -,8.712564
6.60,2140.079,940.70,302.3333,77.9, -,8.712564
6.65,2151.678,940.30,291.4762,77.9, -,8.712564
6.70,2163.28,939.90,288.8571,77.9, -,8.712564
6.75,2177.789,939.40,291.7143,77.9, -,8.712564
6.80,2192.304,938.90,291.8095,77.9, -,8.712564
6.85,2206.826,938.40,289.1905,77.9, -,8.712564
6.90,2227.167,937.70,294.8571,77.9, -,8.712564
6.95,2238.796,937.30,286.7619,77.9, -,8.712564
7.00,2247.52,937.00,278.5714,77.9, -,8.712564
7.05,2259.157,936.60,278.6667,77.9, -,8.712564
7.10,2273.707,936.10,278.8095,77.9, -,8.712564
7.15,2285.351,935.70,276.1429,77.9, -,8.712564
7.20,2302.827,935.10,279.0476,77.9, -,8.712564
7.25,2320.31,934.50,279.1905,77.9, -,8.712564
7.30,2331.972,934.10,273.7619,77.9, -,8.712564
7.35,2340.72,933.80,273.8571,77.9, -,8.712564
7.40,2355.306,933.30,276.7619,77.9, -,8.712564
7.45,2366.978,932.90,271.3333,77.9, -,8.712564
7.50,2381.575,932.40,274.1905,77.9, -,8.693115
7.55,2393.258,932.00,271.5238,77.9, -,8.693115
7.60,2410.788,931.40,271.6667,77.9, -,8.693115
7.65,2419.559,931.10,266.1905,77.9, -,8.693115
7.70,2428.329,930.80,263.4762,77.9, -,8.693115
7.75,2440.027,930.40,263.5714,77.9, -,8.693115
7.80,2454.656,929.90,263.7143,77.9, -,8.693115
7.85,2463.438,929.60,258.2857,77.9, -,8.693115
7.90,2481.005,929.00,261.1905,77.9, -,8.693115
7.95,2495.651,928.50,255.7619,77.9, -,8.693115
8.00,2507.374,928.10,255.8095,77.9, -,8.693115
8.05,2513.235,927.90,253.0952,77.9, -,8.693115
8.10,2527.896,927.40,255.9524,77.9, -,8.693115
8.15,2536.697,927.10,250.4762,77.9, -,8.693115
8.20,2548.432,926.70,250.5714,77.9, -,8.693115
8.25,2557.237,926.40,242.2857,77.9, -,8.693115
8.30,2566.046,926.10,234,77.9, -,8.693115
8.35,2583.666,925.50,239.6667,77.9, -,8.693115
8.40,2595.42,925.10,242.5238,77.9, -,8.693115
8.45,2601.296,924.90,234.2381,77.9, -,8.693115
8.50,2613.056,924.50,234.3333,77.9, -,8.693115
8.55,2621.877,924.20,228.8095,77.9, -,8.693115
8.60,2633.644,923.80,228.8571,77.9, -,8.693115
8.65,2642.471,923.50,220.5714,77.9, -,8.693115
8.70,2654.245,923.10,223.4286,77.9, -,8.693115
8.75,2668.968,922.60,229.0952,77.9, -,8.693115
8.80,2680.75,922.20,229.1905,77.9, -,8.693115
8.85,2683.697,922.10,218.0476,77.9, -,8.693115
8.90,2695.484,921.70,220.9048,77.9, -,8.693115
8.95,2704.327,921.40,212.619,77.9, -,8.693115
9.00,2716.123,921.00,209.9048,77.9, -,8.693115
9.05,2724.971,920.70,207.1905,77.9, -,8.693115
9.10,2733.823,920.40,210.0476,77.9, -,8.693115
9.15,2745.629,920.00,207.3333,77.9, -,8.693115
9.20,2760.391,919.50,213,77.9, -,8.693115
9.25,2769.252,919.20,210.2381,77.9, -,8.693115
9.30,2775.161,919.00,207.4762,77.9, -,8.693115
9.35,2784.025,918.70,207.5238,77.9, -,8.693115
9.40,2792.892,918.40,199.1905,77.9, -,8.693115
9.45,2801.762,918.10,196.4286,77.9, -,8.693115
9.50,2810.634,917.80,199.2381,77.9, -,8.693115
9.55,2819.507,917.50,196.4762,77.9, -,8.693115
9.60,2831.344,917.10,199.381,77.9, -,8.693115
9.65,2846.144,916.60,202.2857,77.9, -,8.693115
9.70,2852.065,916.40,199.4762,77.9, -,8.693115
9.75,2857.988,916.20,193.9048,77.9, -,8.693115
9.80,2863.913,916.00,185.5238,77.9, -,8.693115
9.85,2872.801,915.70,182.7619,77.9, -,8.693115
9.90,2881.691,915.40,188.4286,77.9, -,8.693115
9.95,2890.585,915.10,185.6667,77.9, -,8.693115
10.00,2896.513,914.90,182.9048,77.9, -,8.693115
10.05,2905.412,914.60,180.1429,77.9, -,8.693115
10.10,2914.311,914.30,180.1905,77.9, -,8.693115
10.15,2929.148,913.80,185.9048,77.9, -,8.693115
10.20,2935.085,913.60,180.3333,77.9, -,8.693115
10.25,2941.021,913.40,171.9524,77.9, -,8.693115
10.30,2946.96,913.20,169.1905,77.9, -,8.693115
10.35,2952.901,913.00,169.2381,77.9, -,8.693115
10.40,2961.812,912.70,169.2857,77.9, -,8.693115
10.45,2967.755,912.50,166.5238,77.9, -,8.693115
10.50,2973.699,912.30,163.7619,77.9, -,8.693115
10.55,2982.616,912.00,163.8095,77.9, -,8.712564
10.60,2988.562,911.80,161.0476,77.9, -,8.712564
10.65,2997.483,911.50,158.2381,77.9, -,8.712564
10.70,3009.383,911.10,155.4762,77.9, -,8.712564
10.75,3018.309,910.80,158.381,77.9, -,8.712564
10.80,3021.285,910.70,155.619,77.9, -,8.712564
10.85,3024.262,910.60,152.8571,77.9, -,8.712564
10.90,3030.214,910.40,150.0476,77.9, -,8.712564
10.95,3036.169,910.20,147.2381,77.9, -,8.712564
11.00,3045.103,909.90,147.2857,77.9, -,8.712564
11.05,3051.061,909.70,147.2857,77.9, -,8.712564
11.10,3057.019,909.50,144.4762,77.9, -,8.712564
11.15,3062.979,909.30,141.6667,77.9, -,8.712564
11.20,3068.94,909.10,133.1905,77.9, -,8.712564
11.25,3074.9,908.90,133.1905,77.9, -,8.712564
11.30,3080.863,908.70,133.1905,77.9, -,8.712564
11.35,3092.792,908.30,138.9048,77.9, -,8.712564
11.40,3098.759,908.10,138.9048,77.9, -,8.712564
11.45,3098.759,908.10,130.4286,77.9, -,8.712564
11.50,3101.741,908.00,127.619,78.08, -,8.693115
11.55,3107.709,907.80,127.619,78.08, -,8.693115
11.60,3113.678,907.60,124.8095,78.08, -,8.693115
11.65,3119.646,907.40,124.8095,78.08, -,8.693115
11.70,3125.617,907.20,122,78.08, -,8.693115
11.75,3128.604,907.10,113.5238,78.08, -,8.693115
11.80,3134.574,906.90,110.6667,78.08, -,8.693115
11.85,3140.548,906.70,113.4762,78.08, -,8.693115
11.90,3143.536,906.60,113.4762,78.08, -,8.693115
11.95,3152.498,906.30,116.3333,78.08, -,8.693115
12.00,3161.463,906.00,119.1905,78.08, -,8.693115
12.05,3167.442,905.80,116.381,78.08, -,8.693115
12.10,3170.43,905.70,113.5714,78.08, -,8.693115
12.15,3170.43,905.70,107.9048,78.08, -,8.693115
12.20,3173.421,905.60,105.0952,78.08, -,8.693115
12.25,3176.41,905.50,102.2857,78.08, -,8.693115
12.30,3182.391,905.30,102.3333,78.08, -,8.693115
12.35,3188.374,905.10,102.381,78.08, -,8.693115
12.40,3194.355,904.90,96.71429,78.08, -,8.693115
12.45,3197.348,904.80,93.90476,78.08, -,8.693115
12.50,3200.339,904.70,96.7619,78.08, -,8.693115
12.55,3203.333,904.60,96.7619,77.9, -,8.498639
12.60,3209.317,904.40,96.80952,77.9, -,8.498639
12.65,3209.317,904.40,91.14286,77.9, -,8.498639
12.70,3215.304,904.20,91.19048,77.9, -,8.498639
12.75,3224.286,903.90,94.09524,77.9, -,8.498639
12.80,3230.275,903.70,96.95238,77.9, -,8.498639
12.85,3230.275,903.70,91.28571,77.9, -,8.498639
12.90,3233.271,903.60,88.47619,77.9, -,8.498639
12.95,3233.271,903.60,85.61905,77.9, -,8.498639
13.00,3236.266,903.50,79.95238,77.9, -,8.498639
13.05,3239.261,903.40,74.28571,77.9, -,8.498639
13.10,3242.258,903.30,71.42857,77.9, -,8.498639
13.15,3245.253,903.20,71.42857,77.9, -,8.498639
13.20,3248.251,903.10,74.28571,77.9, -,8.498639
13.25,3251.247,903.00,74.28571,77.9, -,8.498639
13.30,3254.243,902.90,74.28571,77.9, -,8.498639
13.35,3257.241,902.80,71.42857,77.9, -,8.498639
13.40,3257.241,902.80,65.71429,77.9, -,8.498639
13.45,3257.241,902.80,60,77.9, -,8.498639
13.50,3260.238,902.70,60,78.08, -,8.673668
13.55,3266.234,902.50,62.85714,78.08, -,8.673668
13.60,3272.231,902.30,65.71429,78.08, -,8.673668
13.65,3275.229,902.20,62.85714,78.08, -,8.673668
13.70,3278.229,902.10,65.71429,78.08, -,8.673668
13.75,3278.229,902.10,60,78.08, -,8.673668
13.80,3275.229,902.20,48.57143,78.08, -,8.673668
13.85,3278.229,902.10,45.71429,78.08, -,8.673668
13.90,3278.229,902.10,45.71429,78.08, -,8.673668
13.95,3281.228,902.00,45.71429,78.08, -,8.673668
14.00,3281.228,902.00,45.71429,78.08, -,8.673668
14.05,3284.227,901.90,45.71429,78.08, -,8.673668
14.10,3287.228,901.80,45.71429,78.08, -,8.673668
14.15,3287.228,901.80,42.85714,78.08, -,8.673668
14.20,3290.228,901.70,42.85714,78.08, -,8.673668
14.25,3290.228,901.70,40,78.08, -,8.673668
14.30,3290.228,901.70,37.14286,78.08, -,8.673668
14.35,3290.228,901.70,34.28571,78.08, -,8.673668
14.40,3290.228,901.70,31.42857,78.08, -,8.673668
14.45,3293.229,901.60,34.28571,78.08, -,8.673668
14.50,3296.229,901.50,37.14286,78.08, -,8.673668
14.55,3299.229,901.40,37.14286,78.08, -,8.693115
14.60,3302.232,901.30,34.28571,78.08, -,8.693115
14.65,3302.232,901.30,28.57143,78.08, -,8.693115
14.70,3302.232,901.30,25.71428,78.08, -,8.693115
14.75,3299.229,901.40,20,78.08, -,8.693115
14.80,3299.229,901.40,20,78.08, -,8.693115
14.85,3299.229,901.40,22.85714,78.08, -,8.693115
14.90,3299.229,901.40,20,78.08, -,8.693115
14.95,3299.229,901.40,20,78.08, Drogue,8.693115
15.00,3024.262,910.60,-244.7143,78.08, -,8.693115
15.05,3266.234,902.50,-14.28571,78.08, -,8.693115
15.10,3305.232,901.20,20,78.08, -,8.693115
15.15,3305.232,901.20,17.14286,78.08, -,8.693115
15.20,3305.232,901.20,17.14286,78.08, -,8.693115
15.25,3308.235,901.10,17.14286,78.08, -,8.693115
15.30,3305.232,901.20,14.28571,78.08, -,8.693115
15.35,3302.232,901.30,11.42857,78.08, -,8.693115
15.40,3299.229,901.40,8.571428,78.08, -,8.693115
15.45,3299.229,901.40,8.571428,78.08, -,8.693115
15.50,3299.229,901.40,5.714286,78.08, -,8.673668
15.55,3302.232,901.30,5.714286,78.08, -,8.673668
15.60,3308.235,901.10,8.571428,78.08, -,8.673668
15.65,3311.237,901.00,8.571428,78.08, -,8.673668
15.70,3314.238,900.90,11.42857,78.08, -,8.673668
15.75,3308.235,901.10,5.714286,78.08, -,8.673668
15.80,3305.232,901.20,5.714286,78.08, -,8.673668
15.85,3299.229,901.40,0,78.08, -,8.673668
15.90,3293.229,901.60,-5.714286,78.08, -,8.673668
15.95,3293.229,901.60,-5.714286,78.08, -,8.673668
16.00,3293.229,901.60,-5.714286,78.08, -,8.673668
16.05,3293.229,901.60,256.1429,78.08, -,8.673668
16.10,3296.229,901.50,28.57143,78.08, -,8.673668
16.15,3296.229,901.50,-8.571428,78.08, -,8.673668
16.20,3296.229,901.50,-8.571428,78.08, -,8.673668
16.25,3296.229,901.50,-8.571428,78.08, -,8.673668
16.30,3293.229,901.60,-14.28571,78.08, -,8.673668
16.35,3290.228,901.70,-14.28571,78.08, -,8.673668
16.40,3284.227,901.90,-17.14286,78.08, -,8.673668
16.45,3275.229,902.20,-22.85714,78.08, -,8.673668
16.50,3266.234,902.50,-31.42857,78.08, -,8.673668
16.55,3263.237,902.60,-34.28571,78.08, -,8.673668
16.60,3263.237,902.60,-37.14286,78.08, -,8.673668
16.65,3266.234,902.50,-40,78.08, -,8.673668
16.70,3269.232,902.40,-40,78.08, -,8.673668
16.75,3266.234,902.50,-45.71429,78.08, -,8.673668
16.80,3263.237,902.60,-42.85714,78.08, -,8.673668
16.85,3257.241,902.80,-45.71429,78.08, -,8.673668
16.90,3251.247,903.00,-45.71429,78.08, -,8.673668
16.95,3251.247,903.00,-40,78.08, -,8.673668
17.00,3248.251,903.10,-42.85714,78.08, -,8.673668
17.05,3248.251,903.10,-42.85714,78.08, -,8.673668
17.10,3245.253,903.20,-45.71429,78.08, -,8.673668
17.15,3242.258,903.30,-51.42857,78.08, -,8.673668
17.20,3239.261,903.40,-54.28571,78.08, -,8.673668
17.25,3239.261,903.40,-54.28571,78.08, -,8.673668
17.30,3236.266,903.50,-57.14286,78.08, -,8.673668
17.35,3236.266,903.50,-54.28571,78.08, -,8.673668
17.40,3233.271,903.60,-54.28571,78.08, -,8.673668
17.45,3230.275,903.70,-51.42857,78.08, -,8.673668
17.50,3227.281,903.80,-45.71429,78.08, -,8.673668
17.55,3227.281,903.80,-37.14286,78.08, -,8.673668
17.60,3224.286,903.90,-37.14286,78.08, -,8.673668
17.65,3218.299,904.10,-42.85714,78.08, -,8.673668
17.70,3215.304,904.20,-48.57143,78.08, -,8.673668
17.75,3212.311,904.30,-54.28571,78.08, -,8.673668
17.80,3206.325,904.50,-57.14286,78.08, -,8.673668
17.85,3200.339,904.70,-60,78.08, -,8.673668
17.90,3194.355,904.90,-60,78.08, -,8.673668
17.95,3188.374,905.10,-60,78.08, -,8.673668
18.00,3182.391,905.30,-65.71429,78.08, -,8.673668
18.05,3176.41,905.50,-68.57143,78.08, -,8.673668
18.10,3173.421,905.60,-71.42857,78.08, -,8.673668
18.15,3167.442,905.80,-74.28571,78.08, -,8.673668
18.20,3167.442,905.80,-71.42857,78.08, -,8.673668
18.25,3164.451,905.90,-71.42857,78.08, -,8.673668
18.30,3161.463,906.00,-74.28571,78.08, -,8.673668
18.35,3158.475,906.10,-74.28571,78.08, -,8.673668
18.40,3152.498,906.30,-80,78.08, -,8.673668
18.45,3149.51,906.40,-80,78.08, -,8.673668
18.50,3143.536,906.60,-82.80952,78.08, -,8.673668
18.55,3140.548,906.70,-82.80952,78.08, -,8.693115
18.60,3134.574,906.90,-88.47619,78.08, -,8.693115
18.65,3131.589,907.00,-88.47619,78.08, -,8.693115
18.70,3128.604,907.10,-85.61905,78.08, -,8.693115
18.75,3125.617,907.20,-85.61905,78.08, -,8.693115
18.80,3119.646,907.40,-88.42857,78.08, -,8.693115
18.85,3119.646,907.40,-82.71429,78.08, -,8.693115
18.90,3119.646,907.40,-77,78.08, -,8.693115
18.95,3119.646,907.40,-71.28571,78.08, -,8.693115
19.00,3116.662,907.50,-68.42857,78.08, -,8.693115
19.05,3113.678,907.60,-65.57143,78.08, -,8.693115
19.10,3107.709,907.80,-65.52381,78.08, -,8.693115
19.15,3104.724,907.90,-65.52381,78.08, -,8.693115
19.20,3092.792,908.30,-71.19048,78.08, -,8.693115
19.25,3086.827,908.50,-76.85714,78.08, -,8.693115
19.30,3083.846,908.60,-76.85714,78.08, -,8.693115
19.35,3077.882,908.80,-79.66666,78.08, -,8.693115
19.40,3080.863,908.70,-73.95238,78.08, -,8.693115
19.45,3083.846,908.60,-65.38095,78.08, -,8.693115
19.50,3077.882,908.80,-68.19048,77.9, -,8.673668
19.55,3065.958,909.20,-73.85714,77.9, -,8.673668
19.60,3057.019,909.50,-79.52381,77.9, -,8.673668
19.65,3054.041,909.60,-76.71429,77.9, -,8.673668
19.70,3048.083,909.80,-79.52381,77.9, -,8.673668
19.75,3042.125,910.00,-82.33334,77.9, -,8.673668
19.80,3036.169,910.20,-85.14286,77.9, -,8.673668
19.85,3033.193,910.30,-82.33334,77.9, -,8.673668
19.90,3027.238,910.50,-88,77.9, -,8.673668
19.95,3024.262,910.60,-90.85714,77.9, -,8.673668
20.00,3027.238,910.50,-88,77.9, -,8.673668
20.05,3024.262,910.60,-88,77.9, -,8.673668
20.10,3009.383,911.10,-99.33334,77.9, -,8.673668
20.15,3006.406,911.20,-96.52381,77.9, -,8.673668
20.20,3006.406,911.20,-93.66666,77.9, -,8.673668
20.25,3012.357,911.00,-76.61905,77.9, -,8.673668
20.30,3009.383,911.10,-73.7619,77.9, -,8.673668
20.35,2997.483,911.50,-82.2381,77.9, -,8.673668
20.40,2988.562,911.80,-85.04762,77.9, -,8.673668
20.45,2979.644,912.10,-96.38095,77.9, -,8.673668
20.50,2973.699,912.30,-104.9048,77.9, -,8.673668
20.55,2967.755,912.50,-104.9048,78.08, -,8.693115
20.60,2961.812,912.70,-99.2381,78.08, -,8.693115
20.65,2958.842,912.80,-93.52381,78.08, -,8.693115
20.70,2952.901,913.00,-96.33334,78.08, -,8.693115
20.75,2946.96,913.20,-96.33334,78.08, -,8.693115
20.80,2943.991,913.30,-93.47619,78.08, -,8.693115
20.85,2946.96,913.20,-85,78.08, -,8.693115
20.90,2952.901,913.00,-76.47619,78.08, -,8.693115
20.95,2943.991,913.30,-79.28571,78.08, -,8.693115
21.00,2929.148,913.80,-90.57143,78.08, -,8.693115
21.05,2923.212,914.00,-99.09524,78.08, -,8.693115
21.10,2917.277,914.20,-101.9048,78.08, -,8.693115
21.15,2908.377,914.50,-96.19048,78.08, -,8.693115
21.20,2905.412,914.60,-96.14286,78.08, -,8.693115
21.25,2908.377,914.50,-93.33334,78.08, -,8.693115
21.30,2911.343,914.40,-96.19048,78.08, -,8.693115
21.35,2893.549,915.00,-110.3333,78.08, -,8.693115
21.40,2893.549,915.00,-99,78.08, -,8.693115
21.45,2914.311,914.30,-70.7619,78.08, -,8.693115
21.50,2926.179,913.90,-51,78.08, -,8.693115
21.55,2914.311,914.30,-56.61905,78.08, -,8.693115
21.60,2890.585,915.10,-73.57143,78.08, -,8.693115
21.65,2878.728,915.50,-79.19048,78.08, -,8.693115
21.70,2875.765,915.60,-79.19048,78.08, -,8.693115
21.75,2878.728,915.50,-70.71429,78.08, -,8.693115
21.80,2869.838,915.80,-73.52381,78.08, -,8.693115
21.85,2849.104,916.50,-90.47619,78.08, -,8.693115
21.90,2840.223,916.80,-101.7619,78.08, -,8.693115
21.95,2837.262,916.90,-110.2381,78.08, -,8.693115
22.00,2834.302,917.00,-104.5714,78.08, -,8.693115
22.05,2831.344,917.10,-93.2381,78.08, -,8.693115
22.10,2831.344,917.10,-87.57143,78.08, -,8.693115
22.15,2828.383,917.20,-84.71429,78.08, -,8.693115
22.20,2813.591,917.70,-90.33334,78.08, -,8.693115
22.25,2801.762,918.10,-98.80952,78.08, -,8.693115
22.30,2801.762,918.10,-101.619,78.08, -,8.693115
22.35,2807.675,917.90,-98.80952,78.08, -,8.693115
22.40,2798.804,918.20,-90.28571,78.08, -,8.693115
22.45,2789.936,918.50,-98.71429,78.08, -,8.693115
22.50,2781.071,918.80,-126.9048,78.08, -,8.693115
22.55,2778.115,918.90,-141,78.08, -,8.693115
22.60,2781.071,918.80,-126.9048,78.08, -,8.693115
22.65,2778.115,918.90,-107.0952,78.08, -,8.693115
22.70,2769.252,919.20,-104.2381,78.08, -,8.693115
22.75,2766.299,919.30,-104.2381,78.08, -,8.693115
22.80,2769.252,919.20,-104.2381,78.08, -,8.693115
22.85,2769.252,919.20,-95.7619,78.08, -,8.693115
22.90,2760.391,919.50,-84.42857,78.08, -,8.693115
22.95,2748.58,919.90,-87.19048,78.08, -,8.693115
23.00,2736.775,920.30,-95.61905,78.08, -,8.693115
23.05,2727.923,920.60,-101.2381,78.08, -,8.693115
23.10,2722.022,920.80,-104.0476,78.08, -,8.693115
23.15,2716.123,921.00,-109.6667,78.08, -,8.693115
23.20,2710.224,921.20,-112.4762,78.08, -,8.693115
23.25,2710.224,921.20,-98.38095,78.08, -,8.693115
23.30,2710.224,921.20,-87.09524,78.08, -,8.693115
23.35,2704.327,921.40,-92.71429,78.08, -,8.693115
23.40,2701.38,921.50,-101.1429,78.08, -,8.693115
23.45,2695.484,921.70,-98.33334,78.08, -,8.693115
23.50,2689.589,921.90,-95.52381,77.9, -,8.693115
23.55,2683.697,922.10,-92.71429,77.9, -,8.693115
23.60,2680.75,922.20,-92.71429,77.9, -,8.693115
23.65,2680.75,922.20,-95.52381,77.9, -,8.693115
23.70,2674.857,922.40,-98.33334,77.9, -,8.693115
23.75,2657.189,923.00,-106.7143,77.9, -,8.693115
23.80,2648.358,923.30,-112.3333,77.9, -,8.693115
23.85,2645.414,923.40,-117.9524,77.9, -,8.693115
23.90,2645.414,923.40,-117.9524,77.9, -,8.693115
23.95,2639.529,923.60,-115.1429,77.9, -,8.693115
24.00,2630.701,923.90,-112.3333,77.9, -,8.693115
24.05,2624.82,924.10,-106.7143,77.9, -,8.693115
24.10,2618.937,924.30,-103.9048,77.9, -,8.693115
24.15,2615.996,924.40,-101.0952,77.9, -,8.693115
24.20,2613.056,924.50,-98.28571,77.9, -,8.693115
24.25,2610.116,924.60,-95.47619,77.9, -,8.693115
24.30,2607.176,924.70,-98.28571,77.9, -,8.693115
24.35,2601.296,924.90,-103.9048,77.9, -,8.693115
24.40,2592.48,925.20,-106.6667,77.9, -,8.693115
24.45,2586.603,925.40,-109.4762,77.9, -,8.693115
24.50,2574.855,925.80,-115.0476,77.9, -,8.693115
24.55,2568.981,926.00,-115,77.9, -,8.693115
24.60,2566.046,926.10,-112.1905,77.9, -,8.693115
24.65,2560.173,926.30,-114.9524,77.9, -,8.693115
24.70,2557.237,926.40,-117.7619,77.9, -,8.693115
24.75,2554.302,926.50,-114.9524,77.9, -,8.693115
24.80,2545.499,926.80,-106.5238,77.9, -,8.693115
24.85,2536.697,927.10,-106.4762,77.9, -,8.693115
24.90,2533.762,927.20,-106.4762,77.9, -,8.693115
24.95,2524.964,927.50,-114.8571,77.9, -,8.693115
25.00,2522.032,927.60,-112.0476,77.9, -,8.693115
25.05,2519.099,927.70,-106.4286,77.9, -,8.693115
25.10,2513.235,927.90,-106.381,77.9, -,8.693115
25.15,2507.374,928.10,-106.3333,77.9, -,8.693115
25.20,2501.512,928.30,-109.0952,77.9, -,8.693115
25.25,2498.581,928.40,-109.0952,77.9, -,8.693115
25.30,2489.792,928.70,-114.6667,77.9, -,8.693115
25.35,2483.933,928.90,-117.4286,77.9, -,8.693115
25.40,2481.005,929.00,-114.619,77.9, -,8.693115
25.45,2481.005,929.00,-106.2381,77.9, -,8.693115
25.50,2475.147,929.20,-106.1905,78.08, -,8.693115
25.55,2466.364,929.50,-103.381,78.08, -,8.693115
25.60,2457.583,929.80,-106.1905,78.08, -,8.693115
25.65,2451.73,930.00,-108.9524,78.08, -,8.693115
25.70,2451.73,930.00,-103.381,78.08, -,8.693115
25.75,2442.953,930.30,-108.9524,78.08, -,8.693115
25.80,2442.953,930.30,-106.1429,78.08, -,8.693115
25.85,2442.953,930.30,-97.7619,78.08, -,8.693115
25.90,2431.253,930.70,-100.5238,78.08, -,8.693115
25.95,2419.559,931.10,-108.8571,78.08, -,8.693115
26.00,2416.634,931.20,-103.2381,78.08, -,8.693115
26.05,2407.866,931.50,-108.7619,78.08, -,8.693115
26.10,2402.022,931.70,-111.5238,78.08, -,8.693115
26.15,2402.022,931.70,-105.9524,78.08, -,8.693115
26.20,2393.258,932.00,-108.7143,78.08, -,8.693115
26.25,2384.496,932.30,-111.4762,78.08, -,8.693115
26.30,2381.575,932.40,-111.4286,78.08, -,8.693115
26.35,2375.737,932.60,-108.619,78.08, -,8.693115
26.40,2372.816,932.70,-105.8095,78.08, -,8.693115
26.45,2369.898,932.80,-105.7619,78.08, -,8.693115
26.50,2361.142,933.10,-114.0952,78.08, -,8.693115
26.55,2352.387,933.40,-116.8571,77.9, -,8.693115
26.60,2346.554,933.60,-114.0476,77.9, -,8.693115
26.65,2343.636,933.70,-108.4286,77.9, -,8.693115
26.70,2343.636,933.70,-102.8571,77.9, -,8.693115
26.75,2334.887,934.00,-111.1905,77.9, -,8.693115
26.80,2329.055,934.20,-108.381,77.9, -,8.693115
26.85,2320.31,934.50,-116.7143,77.9, -,8.693115
26.90,2320.31,934.50,-116.7143,77.9, -,8.693115
26.95,2317.396,934.60,-108.3333,77.9, -,8.693115
27.00,2308.652,934.90,-105.5238,77.9, -,8.693115
27.05,2302.827,935.10,-108.3333,77.9, -,8.693115
27.10,2294.087,935.40,-108.3333,77.9, -,8.693115
27.15,2285.351,935.70,-111.0952,77.9, -,8.693115
27.20,2282.44,935.80,-113.8571,77.9, -,8.693115
27.25,2279.528,935.90,-108.2857,77.9, -,8.693115
27.30,2276.617,936.00,-102.7143,77.9, -,8.693115
27.35,2267.886,936.30,-108.2857,77.9, -,8.693115
27.40,2264.975,936.40,-105.4762,77.9, -,8.693115
27.45,2259.157,936.60,-108.2381,77.9, -,8.693115
27.50,2250.428,936.90,-113.8095,78.08, -,8.693115
27.55,2241.703,937.20,-113.7619,78.08, -,8.693115
27.60,2235.888,937.40,-110.9524,78.08, -,8.693115
27.65,2230.075,937.60,-110.9048,78.08, -,8.693115
27.70,2230.075,937.60,-108.1429,78.08, -,8.693115
27.75,2230.075,937.60,-108.1429,78.08, -,8.693115
27.80,2218.448,938.00,-110.9048,78.08, -,8.693115
27.85,2215.543,938.10,-108.0952,78.08, -,8.693115
27.90,2209.732,938.30,-105.2857,78.08, -,8.693115
27.95,2201.018,938.60,-113.5714,78.08, -,8.693115
28.00,2209.732,938.30,-102.5238,78.08, -,8.693115
28.05,2198.113,938.70,-105.2381,78.08, -,8.693115
28.10,2189.401,939.00,-107.9524,78.08, -,8.693115
28.15,2186.499,939.10,-102.381,78.08, -,8.693115
28.20,2177.789,939.40,-102.3333,78.08, -,8.693115
28.25,2180.693,939.30,-96.80952,78.08, -,8.693115
28.30,2169.083,939.70,-105.0952,78.08, -,8.693115
28.35,2157.479,940.10,-113.381,78.08, -,8.693115
28.40,2151.678,940.30,-110.5714,78.08, -,8.693115
28.45,2142.979,940.60,-116.0952,78.08, -,8.693115
28.50,2137.18,940.80,-116.0952,78.08, -,8.693115
28.55,2137.18,940.80,-107.7619,77.9, -,8.693115
28.60,2128.485,941.10,-107.7619,77.9, -,8.693115
28.65,2119.79,941.40,-110.5238,77.9, -,8.693115
28.70,2119.79,941.40,-105,77.9, -,8.693115
28.75,2111.099,941.70,-113.2857,77.9, -,8.693115
28.80,2108.204,941.80,-116.0476,77.9, -,8.693115
28.85,2111.099,941.70,-102.1905,77.9, -,8.693115
28.90,2099.516,942.10,-110.4762,77.9, -,8.693115
28.95,2087.934,942.50,-116,77.9, -,8.693115
29.00,2085.04,942.60,-110.4762,77.9, -,8.693115
29.05,2079.252,942.80,-124.2857,77.9, -,8.693115
29.10,2073.464,943.00,-118.7619,77.9, -,8.693115
29.15,2064.785,943.30,-118.7619,77.9, -,8.693115
29.20,2061.891,943.40,-118.7619,77.9, -,8.693115
29.25,2059,943.50,-113.2381,77.9, -,8.693115
29.30,2056.108,943.60,-118.7619,77.9, -,8.693115
29.35,2050.324,943.80,-113.2381,77.9, -,8.693115
29.40,2044.542,944.00,-107.7143,77.9, -,8.693115
29.45,2038.76,944.20,-107.7143,77.9, -,8.693115
29.50,2030.09,944.50,-107.6667,78.08, -,8.693115
29.55,2027.201,944.60,-104.9048,78.08, -,8.693115
29.60,2030.09,944.50,-102.1429,78.08, -,8.693115
29.65,2027.201,944.60,-96.61905,78.08, -,8.693115
29.70,2015.644,945.00,-99.33334,78.08, -,8.693115
29.75,2006.98,945.30,-107.5714,78.08, -,8.693115
29.80,1998.318,945.60,-107.5238,78.08, -,8.693115
29.85,1986.772,946.00,-115.7619,78.08, -,8.693115
29.90,1981,946.20,-124,78.08, -,8.693115
29.95,1981,946.20,-112.9524,78.08, -,8.693115
30.00,1972.345,946.50,-110.1429,78.08, -,8.693115
30.05,1966.575,946.70,-112.8571,78.08, -,8.693115
30.10,1963.692,946.80,-110.0952,78.08, -,8.693115
30.15,1963.692,946.80,-104.5714,78.08, -,8.693115
30.20,1963.692,946.80,-96.28571,78.08, -,8.693115
30.25,1957.924,947.00,-99,78.08, -,8.693115
30.30,1949.275,947.30,-104.4762,78.08, -,8.693115
30.35,1940.628,947.60,-109.9524,78.08, -,8.693115
30.40,1929.101,948.00,-115.4286,78.08, -,8.693115
30.45,1926.22,948.10,-112.6667,78.08, -,8.693115
30.50,1917.578,948.40,-115.381,78.08, -,8.693115
30.55,1911.819,948.60,-112.619,77.9, -,8.712564
30.60,1906.06,948.80,-115.3333,77.9, -,8.712564
30.65,1900.302,949.00,-123.5714,77.9, -,8.712564
30.70,1900.302,949.00,-120.8095,77.9, -,8.712564
30.75,1897.424,949.10,-112.5714,77.9, -,8.712564
30.80,1891.667,949.30,-109.8095,77.9, -,8.712564
30.85,1883.035,949.60,-109.8095,77.9, -,8.712564
30.90,1877.281,949.80,-104.2857,77.9, -,8.712564
30.95,1871.528,950.00,-104.2857,77.9, -,8.712564
31.00,1865.776,950.20,-109.7619,77.9, -,8.712564
31.05,1857.15,950.50,-109.7619,77.9, -,8.712564
31.10,1851.4,950.70,-109.7619,77.9, -,8.712564
31.15,1845.651,950.90,-112.4762,77.9, -,8.712564
31.20,1839.905,951.10,-117.9524,77.9, -,8.712564
31.25,1834.159,951.30,-123.4286,77.9, -,8.712564
31.30,1831.285,951.40,-120.6667,77.9, -,8.712564
31.35,1825.541,951.60,-117.9048,77.9, -,8.712564
31.40,1819.797,951.80,-115.1429,77.9, -,8.712564
31.45,1816.924,951.90,-106.8571,77.9, -,8.712564
31.50,1808.311,952.20,-112.2857,78.08, -,8.693115
31.55,1802.569,952.40,-109.5238,78.08, -,8.693115
31.60,1805.441,952.30,-101.3333,78.08, -,8.693115
31.65,1811.183,952.10,-90.38095,78.08, -,8.693115
31.70,1819.797,951.80,-76.71429,78.08, -,8.693115
31.75,1822.668,951.70,-74,78.08, -,8.693115
31.80,1822.668,951.70,-71.2381,78.08, -,8.693115
31.85,1816.924,951.90,-71.2381,78.08, -,8.693115
31.90,1796.831,952.60,-82.14286,78.08, -,8.693115
31.95,1782.484,953.10,-90.33334,78.08, -,8.693115
32.00,1768.145,953.60,-98.52381,78.08, -,8.693115
32.05,1756.676,954.00,-103.9524,78.08, -,8.693115
32.10,1748.078,954.30,-103.9048,78.08, -,8.693115
32.15,1742.347,954.50,-103.9048,78.08, -,8.693115
32.20,1739.483,954.60,-101.1429,78.08, -,8.693115
32.25,1736.617,954.70,-98.38095,78.08, -,8.693115
32.30,1730.888,954.90,-98.38095,78.08, -,8.693115
32.35,1725.161,955.10,-101.1429,78.08, -,8.693115
32.40,1725.161,955.10,-95.66666,78.08, -,8.693115
32.45,1719.434,955.30,-95.66666,78.08, -,8.693115
32.50,1716.57,955.40,-95.66666,78.08, -,8.693115
32.55,1713.707,955.50,-90.19048,77.9, -,8.693115
32.60,1702.258,955.90,-95.61905,77.9, -,8.693115
32.65,1690.813,956.30,-109.2381,77.9, -,8.693115
32.70,1682.232,956.60,-122.9048,77.9, -,8.693115
32.75,1673.652,956.90,-139.2857,77.9, -,8.693115
32.80,1667.935,957.10,-147.4286,77.9, -,8.693115
32.85,1662.217,957.30,-152.8571,77.9, -,8.693115
32.90,1656.5,957.50,-152.8095,77.9, -,8.693115
32.95,1653.643,957.60,-136.381,77.9, -,8.693115
33.00,1656.5,957.50,-120,77.9, -,8.693115
33.05,1659.358,957.40,-103.619,77.9, -,8.693115
33.10,1656.5,957.50,-95.42857,77.9, -,8.693115
33.15,1639.358,958.10,-103.5714,77.9, -,8.693115
33.20,1625.079,958.60,-111.7143,77.9, -,8.693115
33.25,1627.933,958.50,-106.2857,77.9, -,8.693115
33.30,1622.222,958.70,-109,77.9, -,8.693115
33.35,1607.95,959.20,-117.0952,77.9, -,8.693115
33.40,1605.097,959.30,-114.3333,77.9, -,8.693115
33.45,1605.097,959.30,-114.3333,77.9, -,8.693115
33.50,1607.95,959.20,-106.1429,78.08, -,8.732011
33.55,1613.659,959.00,-98,78.08, -,8.732011
33.60,1619.368,958.80,-89.85714,78.08, -,8.732011
33.65,1616.513,958.90,-81.66666,78.08, -,8.732011
33.70,1587.979,959.90,-97.95238,78.08, -,8.732011
33.75,1562.321,960.80,-114.1905,78.08, -,8.732011
33.80,1562.321,960.80,-106,78.08, -,8.732011
33.85,1568.021,960.60,-95.14286,78.08, -,8.732011
33.90,1565.17,960.70,-92.42857,78.08, -,8.732011
33.95,1550.922,961.20,-100.5714,78.08, -,8.732011
34.00,1539.529,961.60,-108.7143,78.08, -,8.732011
34.05,1533.833,961.80,-116.8571,78.08, -,8.732011
34.10,1533.833,961.80,-119.5714,78.08, -,8.732011
34.15,1533.833,961.80,-116.8571,78.08, -,8.732011
34.20,1530.984,961.90,-103.2381,78.08, -,8.732011
34.25,1519.598,962.30,-100.4762,78.08, -,8.732011
34.30,1508.214,962.70,-114.0476,78.08, -,8.732011
34.35,1499.679,963.00,-116.7619,78.08, -,8.732011
34.40,1496.835,963.10,-105.9048,78.08, -,8.732011
34.45,1488.301,963.40,-111.3333,78.08, -,8.732011
34.50,1482.616,963.60,-116.7619,78.08, -,8.732011
34.55,1476.929,963.80,-124.9048,77.9, -,8.693115
34.60,1471.244,964.00,-135.7619,77.9, -,8.693115
34.65,1465.559,964.20,-146.619,77.9, -,8.693115
34.70,1459.876,964.40,-149.3333,77.9, -,8.693115
34.75,1457.035,964.50,-124.8571,77.9, -,8.693115
34.80,1457.035,964.50,-100.4286,77.9, -,8.693115
34.85,1454.195,964.60,-103.1429,77.9, -,8.693115
34.90,1448.513,964.80,-114,77.9, -,8.693115
34.95,1439.994,965.10,-119.381,77.9, -,8.693115
35.00,1434.314,965.30,-111.2381,77.9, -,8.693115
35.05,1428.636,965.50,-105.8095,77.9, -,8.693115
35.10,1417.282,965.90,-111.1905,77.9, -,8.693115
35.15,1411.609,966.10,-116.5714,77.9, -,8.693115
35.20,1405.934,966.30,-121.9524,77.9, -,8.693115
35.25,1400.26,966.50,-124.619,77.9, -,8.693115
35.30,1397.425,966.60,-116.4762,77.9, -,8.693115
35.35,1391.753,966.80,-111,77.9, -,8.693115
35.40,1397.425,966.60,-97.47619,77.9, -,8.693115
35.45,1388.916,966.90,-102.8571,77.9, -,8.693115
35.50,1377.578,967.30,-105.5238,77.9, -,8.712564
35.55,1369.076,967.60,-108.1905,77.9, -,8.712564
35.60,1366.241,967.70,-105.4762,77.9, -,8.712564
35.65,1360.574,967.90,-105.4286,77.9, -,8.712564
35.70,1352.076,968.20,-108.0952,77.9, -,8.712564
35.75,1346.412,968.40,-108.0476,77.9, -,8.712564
35.80,1343.581,968.50,-108.0476,77.9, -,8.712564
35.85,1340.75,968.60,-110.7619,77.9, -,8.712564
35.90,1337.918,968.70,-110.7619,77.9, -,8.712564
35.95,1332.256,968.90,-110.7143,77.9, -,8.712564
36.00,1323.765,969.20,-110.7143,77.9, -,8.712564
36.05,1315.276,969.50,-113.381,77.9, -,8.712564
36.10,1309.618,969.70,-113.3333,77.9, -,8.712564
36.15,1306.79,969.80,-105.2381,77.9, -,8.712564
36.20,1301.133,970.00,-105.2381,77.9, -,8.712564
36.25,1295.477,970.20,-105.2381,77.9, -,8.712564
36.30,1301.133,970.00,-94.47619,77.9, -,8.712564
36.35,1292.65,970.30,-99.85714,77.9, -,8.712564
36.40,1278.517,970.80,-107.9524,77.9, -,8.712564
36.45,1275.689,970.90,-116.0476,77.9, -,8.712564
36.50,1275.689,970.90,-107.9524,77.9, -,8.712564
36.55,1275.689,970.90,-97.14286,78.08, -,8.693115
36.60,1270.039,971.10,-94.42857,78.08, -,8.693115
36.65,1255.915,971.60,-105.1429,78.08, -,8.693115
36.70,1244.619,972.00,-110.5238,78.08, -,8.693115
36.75,1253.09,971.70,-94.38095,78.08, -,8.693115
36.80,1255.915,971.60,-86.28571,78.08, -,8.693115
36.85,1236.15,972.30,-102.381,78.08, -,8.693115
36.90,1224.861,972.70,-110.4286,78.08, -,8.693115
36.95,1216.397,973.00,-115.7619,78.08, -,8.693115
37.00,1207.936,973.30,-118.4286,78.08, -,8.693115
37.05,1202.295,973.50,-115.7143,78.08, -,8.693115
37.10,1196.656,973.70,-113,78.08, -,8.693115
37.15,1191.017,973.90,-113,78.08, -,8.693115
37.20,1188.199,974.00,-112.9524,78.08, -,8.693115
37.25,1182.562,974.20,-112.9524,78.08, -,8.693115
37.30,1179.744,974.30,-110.2381,78.08, -,8.693115
37.35,1176.925,974.40,-118.2857,78.08, -,8.693115
37.40,1174.109,974.50,-112.8571,78.08, -,8.693115
37.45,1168.474,974.70,-104.7619,78.08, -,8.693115
37.50,1165.657,974.80,-104.7143,78.08, -,8.693115
37.55,1160.024,975.00,-110.0952,78.08, -,8.693115
37.60,1154.391,975.20,-115.4762,78.08, -,8.693115
37.65,1145.945,975.50,-118.1429,78.08, -,8.693115
37.70,1134.686,975.90,-115.4286,78.08, -,8.693115
37.75,1126.245,976.20,-112.7143,78.08, -,8.693115
37.80,1120.618,976.40,-126.1429,78.08, -,8.693115
37.85,1117.806,976.50,-131.5238,78.08, -,8.693115
37.90,1114.994,976.60,-115.381,78.08, -,8.693115
37.95,1112.18,976.70,-107.2857,78.08, -,8.693115
38.00,1106.555,976.90,-104.5714,78.08, -,8.693115
38.05,1098.121,977.20,-104.5714,78.08, -,8.693115
38.10,1089.689,977.50,-107.2381,78.08, -,8.693115
38.15,1086.879,977.60,-104.5238,78.08, -,8.693115
38.20,1084.068,977.70,-101.8095,78.08, -,8.693115
38.25,1081.259,977.80,-101.8095,78.08, -,8.693115
38.30,1075.64,978.00,-101.7619,78.08, -,8.693115
38.35,1070.021,978.20,-104.4286,78.08, -,8.693115
38.40,1064.403,978.40,-107.0952,78.08, -,8.693115
38.45,1055.98,978.70,-112.4286,78.08, -,8.693115
38.50,1047.558,979.00,-115.0476,78.08, -,8.693115
38.55,1039.138,979.30,-120.381,78.08, -,8.693115
38.60,1033.526,979.50,-120.3333,78.08, -,8.693115
38.65,1027.914,979.70,-120.2857,78.08, -,8.693115
38.70,1025.11,979.80,-114.9048,78.08, -,8.693115
38.75,1022.304,979.90,-106.8571,78.08, -,8.693115
38.80,1019.5,980.00,-101.4762,78.08, -,8.693115
38.85,1016.696,980.10,-98.7619,78.08, -,8.693115
38.90,1008.282,980.40,-104.0952,78.08, -,8.693115
38.95,997.0699,980.80,-112.0952,78.08, -,8.693115
39.00,991.4644,981.00,-114.7619,78.08, -,8.693115
39.05,985.8597,981.20,-114.7619,78.08, -,8.693115
39.10,983.0587,981.30,-109.381,78.08, -,8.693115
39.15,977.4554,981.50,-106.6667,78.08, -,8.693115
39.20,971.8531,981.70,-109.3333,78.08, -,8.693115
39.25,969.0532,981.80,-109.3333,78.08, -,8.693115
39.30,969.0532,981.80,-106.6667,78.08, -,8.693115
39.35,966.2518,981.90,-104,78.08, -,8.693115
39.40,963.4523,982.00,-101.3333,78.08, -,8.693115
39.45,960.653,982.10,-98.66666,78.08, -,8.693115
39.50,957.8523,982.20,-93.33334,78.08, -,8.693115
39.55,952.2532,982.40,-90.66666,78.08, -,8.693115
39.60,935.4633,983.00,-98.66666,78.08, -,8.693115
39.65,924.2734,983.40,-104,78.08, -,8.693115
39.70,915.8844,983.70,-106.6667,78.08, -,8.693115
39.75,910.2922,983.90,-109.3333,78.08, -,8.693115
39.80,904.7027,984.10,-112,78.08, -,8.693115
39.85,899.1124,984.30,-114.6667,78.08, -,8.693115
39.90,896.3167,984.40,-114.6667,78.08, -,8.693115
39.95,890.7295,984.60,-112,78.08, -,8.693115
40.00,885.1415,984.80,-106.6667,78.08, -,8.693115
40.05,879.5544,985.00,-106.6667,78.08, -,8.693115
40.10,873.9683,985.20,-106.6667,78.08, -,8.693115
40.15,868.383,985.40,-109.3333,78.08, -,8.693115
40.20,865.5916,985.50,-106.6667,78.08, -,8.693115
40.25,862.8004,985.60,-104,78.08, -,8.693115
40.30,860.0077,985.70,-104,78.08, -,8.693115
40.35,857.2169,985.80,-106.6667,78.08, -,8.693115
40.40,860.0077,985.70,-101.3333,78.08, -,8.693115
40.45,857.2169,985.80,-101.3333,78.08, -,8.693115
40.50,851.6345,986.00,-104,78.08, -,8.693115
40.55,840.4722,986.40,-111.9524,77.9, -,8.693115
40.60,826.5254,986.90,-119.9048,77.9, -,8.693115
40.65,812.5843,987.40,-117.1905,77.9, -,8.693115
40.70,804.2227,987.70,-114.4762,77.9, -,8.693115
40.75,798.6489,987.90,-111.7619,77.9, -,8.693115
40.80,795.8632,988.00,-109.0952,77.9, -,8.693115
40.85,790.2908,988.20,-109.0476,77.9, -,8.693115
40.90,784.7192,988.40,-109,77.9, -,8.693115
40.95,779.1503,988.60,-111.619,77.9, -,8.693115
41.00,776.3645,988.70,-108.9524,77.9, -,8.693115
41.05,773.5806,988.80,-106.2857,77.9, -,8.693115
41.10,770.7953,988.90,-103.619,77.9, -,8.693115
41.15,765.2286,989.10,-103.5714,77.9, -,8.693115
41.20,762.444,989.20,-100.9048,77.9, -,8.693115
41.25,756.877,989.40,-103.5238,77.9, -,8.693115
41.30,751.3127,989.60,-106.1429,77.9, -,8.693115
41.35,740.1833,990.00,-114.0952,77.9, -,8.693115
41.40,734.62,990.20,-116.7143,77.9, -,8.693115
41.45,731.8395,990.30,-122.0476,77.9, -,8.693115
41.50,726.2776,990.50,-124.6667,78.26, -,8.654221
41.55,726.2776,990.50,-119.3333,78.26, -,8.654221
41.60,720.7165,990.70,-114,78.26, -,8.654221
41.65,712.3775,991.00,-108.6667,78.26, -,8.654221
41.70,701.2609,991.40,-105.9524,78.26, -,8.654221
41.75,692.9266,991.70,-105.9524,78.26, -,8.654221
41.80,687.371,991.90,-105.9524,78.26, -,8.654221
41.85,684.5944,992.00,-105.9524,78.26, -,8.654221
41.90,684.5944,992.00,-100.6667,78.26, -,8.654221
41.95,681.8181,992.10,-98.04762,78.26, -,8.654221
42.00,676.2642,992.30,-98.04762,78.26, -,8.654221
42.05,673.4869,992.40,-98.04762,78.26, -,8.654221
42.10,667.9361,992.60,-100.6667,78.26, -,8.654221
42.15,662.3846,992.80,-103.2857,78.26, -,8.654221
42.20,654.0599,993.10,-105.9048,78.26, -,8.654221
42.25,645.7355,993.40,-111.1429,78.26, -,8.654221
42.30,640.1893,993.60,-111.1429,78.26, -,8.654221
42.35,631.8683,993.90,-113.7619,78.26, -,8.654221
42.40,623.551,994.20,-111.0476,78.26, -,8.654221
42.45,618.0067,994.40,-111.0476,78.26, -,8.654221
42.50,612.465,994.60,-113.6667,78.26, -,8.654221
42.55,606.9225,994.80,-113.6667,78.44, -,8.673668
42.60,606.9225,994.80,-113.6667,78.44, -,8.673668
42.65,604.1508,994.90,-111,78.44, -,8.673668
42.70,598.6114,995.10,-108.3333,78.44, -,8.673668
42.75,590.3005,995.40,-105.6667,78.44, -,8.673668
42.80,581.9934,995.70,-105.619,78.44, -,8.673668
42.85,573.6884,996.00,-108.2381,78.44, -,8.673668
42.90,570.921,996.10,-108.1905,78.44, -,8.673668
42.95,568.1522,996.20,-110.8095,78.44, -,8.673668
43.00,568.1522,996.20,-108.1429,78.44, -,8.673668
43.05,573.6884,996.00,-97.57143,78.44, -,8.673668
43.10,573.6884,996.00,-94.90476,78.44, -,8.673668
43.15,570.921,996.10,-92.2381,78.44, -,8.673668
43.20,559.8505,996.50,-97.47619,78.44, -,8.673668
43.25,543.2531,997.10,-105.381,78.44, -,8.673668
43.30,537.7219,997.30,-102.7619,78.44, -,8.673668
43.35,529.4276,997.60,-105.381,78.44, -,8.673668
43.40,523.8986,997.80,-102.7619,78.44, -,8.673668
43.45,521.1335,997.90,-97.47619,78.44, -,8.673668
43.50,523.8986,997.80,-89.57143,78.44, -,8.673668
43.55,526.6621,997.70,-81.66666,78.44, -,8.673668
43.60,518.3705,998.00,-84.28571,78.44, -,8.673668
43.65,510.0809,998.30,-92.19048,78.44, -,8.673668
43.70,499.0301,998.70,-100.0952,78.44, -,8.673668
43.75,487.9846,999.10,-105.3333,78.44, -,8.673668
43.80,49.03217,1015.10,-515.4762,78.44, Main,8.673668
43.85,523.8986,997.80,-55.33333,78.44, -,8.673668
43.90,474.1815,999.60,-94.7619,78.44, -,8.673668
43.95,463.1423,1000.00,-102.6667,78.44, -,8.673668
44.00,457.6241,1000.20,-105.2857,78.44, -,8.673668
44.05,452.1067,1000.40,-110.5238,78.44, -,8.673668
44.10,449.3492,1000.50,-118.4286,78.44, -,8.673668
44.15,443.8333,1000.70,-123.6667,78.44, -,8.673668
44.20,438.3181,1000.90,-126.2857,78.44, -,8.673668
44.25,438.3181,1000.90,-115.7619,78.44, -,8.673668
44.30,432.8056,1001.10,-105.1905,78.44, -,8.673668
44.35,430.048,1001.20,-102.5238,78.44, -,8.673668
44.40,427.2923,1001.30,-97.2381,78.44, -,8.673668
44.45,427.2923,1001.30,-91.95238,78.44, -,8.673668
44.50,424.5351,1001.40,-91.95238,78.44, -,8.673668
44.55,432.8056,1001.10,-86.71429,78.26, -,8.693115
44.60,421.7798,1001.50,-99.85714,78.26, -,8.693115
44.65,405.2496,1002.10,-107.7143,78.26, -,8.693115
44.70,405.2496,1002.10,-99.80952,78.26, -,8.693115
44.75,419.0248,1001.60,-76.14286,78.26, -,8.693115
44.80,413.5137,1001.80,-70.85714,78.26, -,8.693115
44.85,388.7256,1002.70,323.5714,78.26, -,8.693115
44.90,377.7158,1003.10,-139.1429,78.26, -,8.693115
44.95,380.4675,1003.00,-89.19048,78.26, -,8.693115
45.00,377.7158,1003.10,-81.28571,78.26, -,8.693115
45.05,369.4587,1003.40,-83.90476,78.26, -,8.693115
45.10,355.7035,1003.90,-91.7619,78.26, -,8.693115
45.15,350.2043,1004.10,-94.38095,78.26, -,8.693115
45.20,355.7035,1003.90,-83.90476,78.26, -,8.693115
45.25,352.9538,1004.00,-81.28571,78.26, -,8.693115
45.30,344.7043,1004.30,-89.14286,78.26, -,8.693115
45.35,328.2097,1004.90,-99.61905,78.26, -,8.693115
45.40,319.9662,1005.20,-104.8571,78.26, -,8.693115
45.45,314.4711,1005.40,-107.4762,78.26, -,8.693115
45.50,322.7149,1005.10,-99.61905,78.44, -,8.693115
45.55,325.4622,1005.00,-94.38095,78.44, -,8.693115
45.60,306.2309,1005.70,-120.5714,78.44, -,8.693115
45.65,289.7565,1006.30,-125.7143,78.44, -,8.693115
45.70,284.2663,1006.50,-115.1905,78.44, -,8.693115
45.75,281.5223,1006.60,-117.8095,78.44, -,8.693115
45.80,276.0334,1006.80,-136.1905,78.44, -,8.693115
45.85,276.0334,1006.80,-130.9524,78.44, -,8.693115
45.90,278.7769,1006.70,-104.7143,78.44, -,8.693115
45.95,265.0582,1007.20,-107.2857,78.44, -,8.693115
46.00,259.572,1007.40,-115.1429,78.44, -,8.693115
46.05,254.0882,1007.60,-117.7619,78.44, -,8.693115
46.10,245.861,1007.90,-117.7619,78.44, -,8.693115
46.15,243.1201,1008.00,-107.2857,78.44, -,8.693115
46.20,243.1201,1008.00,-102.0476,78.44, -,8.693115
46.25,237.6373,1008.20,-112.5238,78.44, -,8.693115
46.30,232.1555,1008.40,-115.1429,78.44, -,8.693115
46.35,221.1961,1008.80,-117.7143,78.44, -,8.693115
46.40,212.9784,1009.10,-109.8095,78.44, -,8.693115
46.45,210.2385,1009.20,-104.5714,78.44, -,8.693115
46.50,204.761,1009.40,-104.5714,78.44, -,8.693115
46.55,204.761,1009.40,-112.4286,78.26, -,8.693115
46.60,204.761,1009.40,-115.0476,78.26, -,8.693115
46.65,199.2861,1009.60,-101.9048,78.26, -,8.693115
46.70,191.072,1009.90,-94.04762,78.26, -,8.693115
46.75,185.5993,1010.10,-94,78.26, -,8.693115
46.80,191.072,1009.90,-86.19048,78.26, -,8.693115
46.85,188.3355,1010.00,-83.57143,78.26, -,8.693115
46.90,180.1258,1010.30,-91.38095,78.26, -,8.693115
46.95,169.1814,1010.70,-104.4286,78.26, -,8.693115
47.00,163.7105,1010.90,-96.57143,78.26, -,8.693115
47.05,158.2422,1011.10,-96.52381,78.26, -,8.693115
47.10,152.773,1011.30,-96.47619,78.26, -,8.693115
47.15,150.0379,1011.40,-91.2381,78.26, -,8.693115
47.20,144.5718,1011.60,-93.80952,78.26, -,8.693115
47.25,136.3709,1011.90,-101.619,78.26, -,8.693115
47.30,133.6388,1012.00,-99,78.26, -,8.693115
47.35,130.9069,1012.10,-96.38095,78.26, -,8.693115
47.40,125.4421,1012.30,-91.14286,78.26, -,8.693115
47.45,122.7093,1012.40,-85.95238,78.26, -,8.693115
47.50,125.4421,1012.30,-80.71429,78.26, -,8.693115
47.55,117.2475,1012.60,-83.28571,78.26, -,8.693115
47.60,119.9783,1012.50,-80.66666,78.26, -,8.693115
47.65,111.7849,1012.80,-88.47619,78.26, -,8.693115
47.70,103.5935,1013.10,-91.09524,78.26, -,8.693115
47.75,98.13313,1013.30,-88.47619,78.26, -,8.693115
47.80,100.8624,1013.20,-80.66666,78.26, -,8.693115
47.85,98.13313,1013.30,-88.47619,78.26, -,8.693115
47.90,98.13313,1013.30,-85.85714,78.26, -,8.693115
47.95,109.0531,1012.90,-67.66666,78.26, -,8.693115
48.00,111.7849,1012.80,-54.61905,78.26, -,8.693115
48.05,95.40243,1013.40,-65.04762,78.26, -,8.693115
48.10,87.21497,1013.70,-67.66666,78.26, -,8.693115
48.15,73.573,1014.20,-75.47619,78.26, -,8.693115
48.20,65.39076,1014.50,-80.66666,78.26, -,8.693115
48.25,57.21049,1014.80,-83.28571,78.26, -,8.693115
48.30,51.7575,1015.00,-80.66666,78.26, -,8.693115
48.35,43.58049,1015.30,-85.85714,78.26, -,8.693115
48.40,38.12968,1015.50,-88.42857,78.26, -,8.693115
48.45,29.95593,1015.80,-91,78.26, -,8.693115
48.50,24.5073,1016.00,-93.57143,78.26, -,8.693115
48.55,21.78413,1016.10,-98.7619,78.26, -,8.790354
48.60,27.23067,1015.90,-85.7619,78.26, -,8.790354
48.65,32.67974,1015.70,-83.19048,78.26, -,8.790354
48.70,32.67974,1015.70,-75.38095,78.26, -,8.790354
48.75,27.23067,1015.90,-72.7619,78.26, -,8.790354
48.80,27.23067,1015.90,-67.57143,78.26, -,8.790354
48.85,27.23067,1015.90,-70.19048,78.26, -,8.790354
48.90,27.23067,1015.90,-67.57143,78.26, -,8.790354
48.95,24.5073,1016.00,-70.14286,78.26, -,8.790354
49.00,21.78413,1016.10,-83.09524,78.26, -,8.790354
49.05,19.05953,1016.20,-88.28571,78.26, -,8.790354
49.10,13.61263,1016.40,-77.85714,78.26, -,8.790354
49.15,13.61263,1016.40,-70.04762,78.26, -,8.790354
49.20,10.89033,1016.50,-59.61905,78.26, -,8.790354
49.25,10.89033,1016.50,-51.80952,78.26, -,8.790354
49.30,10.89033,1016.50,-44,78.26, -,8.790354
49.35,8.168256,1016.60,-41.38095,78.26, -,8.790354
49.40,5.444734,1016.70,-36.14286,78.26, -,8.790354
49.45,-2.721207,1017.00,-38.71429,78.26, -,8.790354
49.50,-2.721207,1017.00,-30.95238,78.44, -,8.693115
49.55,3.062368E-06,1016.90,-23.19048,78.44, -,8.693115
49.60,3.062368E-06,1016.90,-20.61905,78.44, -,8.693115
49.65,3.062368E-06,1016.90,-25.80952,78.44, -,8.693115
49.70,2.723091,1016.80,-28.42857,78.44, -,8.693115
49.75,5.444734,1016.70,-25.85714,78.44, -,8.693115
49.80,8.168256,1016.60,-18.09524,78.44, -,8.693115
49.85,8.168256,1016.60,-18.09524,78.44, -,8.693115
49.90,3.062368E-06,1016.90,-25.85714,78.44, -,8.693115
49.95,-5.4422,1017.10,-31.04762,78.44, -,8.693115
50.00,-8.164638,1017.20,-31.04762,78.44, -,8.693115
50.05,-10.8852,1017.30,-31.04762,78.44, -,8.693115
50.10,-16.32733,1017.50,-33.66667,78.44, -,8.693115
50.15,-19.04724,1017.60,-31.04762,78.44, -,8.693115
50.20,-24.48807,1017.80,-36.23809,78.44, -,8.693115
50.25,-24.48807,1017.80,-33.66667,78.44, -,8.693115
50.30,-27.20899,1017.90,-36.23809,78.44, -,8.693115
50.35,-27.20899,1017.90,-36.23809,78.44, -,8.693115
50.40,-27.20899,1017.90,-33.66667,78.44, -,8.693115
50.45,-29.92804,1018.00,-33.66667,78.44, -,8.693115
50.50,-32.64687,1018.10,-28.47619,78.44, -,8.693115
50.55,-32.64687,1018.10,-28.47619,78.26, -,8.693115
50.60,-35.36714,1018.20,-33.61905,78.26, -,8.693115
50.65,-32.64687,1018.10,-31.04762,78.26, -,8.693115
50.70,-29.92804,1018.00,-28.47619,78.26, -,8.693115
50.75,-32.64687,1018.10,-33.61905,78.26, -,8.693115
50.80,-29.92804,1018.00,-33.61905,78.26, -,8.693115
50.85,-29.92804,1018.00,-36.19048,78.26, -,8.693115
50.90,-32.64687,1018.10,-38.76191,78.26, -,8.693115
50.95,-32.64687,1018.10,-31,78.26, -,8.693115
51.00,-35.36714,1018.20,-28.38095,78.26, -,8.693115
51.05,-35.36714,1018.20,-25.80952,78.26, -,8.693115
51.10,-38.08554,1018.30,-25.80952,78.26, -,8.693115
51.15,-40.80537,1018.40,-23.19048,78.26, -,8.693115
51.20,-40.80537,1018.40,-20.61905,78.26, -,8.693115
51.25,-40.80537,1018.40,-15.42857,78.26, -,8.693115
51.30,-40.80537,1018.40,-15.42857,78.26, -,8.693115
51.35,-40.80537,1018.40,-12.85714,78.26, -,8.693115
51.40,-40.80537,1018.40,-12.85714,78.26, -,8.693115
51.45,-43.52334,1018.50,-15.42857,78.26, -,8.693115
51.50,-43.52334,1018.50,-12.85714,78.26, -,8.693115
51.55,-43.52334,1018.50,-10.28571,78.26, -,8.693115
51.60,-43.52334,1018.50,-10.28571,78.26, -,8.693115
51.65,-46.24109,1018.60,-10.28571,78.26, -,8.693115
51.70,-46.24109,1018.60,-12.85714,78.26, -,8.693115
51.75,-46.24109,1018.60,-15.42857,78.26, -,8.693115
51.80,-46.24109,1018.60,-12.85714,78.26, -,8.693115
51.85,-48.96028,1018.70,-18,78.26, -,8.693115
51.90,-48.96028,1018.70,-18,78.26, -,8.693115
51.95,-51.67759,1018.80,-18,78.26, -,8.693115
52.00,-51.67759,1018.80,-18,78.26, -,8.693115
52.05,-51.67759,1018.80,-15.42857,78.26, -,8.693115
52.10,-54.39635,1018.90,-18,78.26, -,8.693115
52.15,-54.39635,1018.90,-15.42857,78.26, -,8.693115
52.20,-54.39635,1018.90,-12.85714,78.26, -,8.693115
52.25,-57.11324,1019.00,-15.42857,78.26, -,8.693115
52.30,-57.11324,1019.00,-15.42857,78.26, -,8.693115
52.35,-57.11324,1019.00,-15.42857,78.26, -,8.693115
52.40,-59.82991,1019.10,-18,78.26, -,8.693115
52.45,-59.82991,1019.10,-18,78.26, -,8.693115
52.50,-59.82991,1019.10,-15.42857,78.26, -,8.693115
52.55,-62.54802,1019.20,-18,78.26, -,8.693115
52.60,-62.54802,1019.20,-18,78.26, -,8.693115
52.65,-62.54802,1019.20,-18,78.26, -,8.693115
52.70,-65.26425,1019.30,-18,78.26, -,8.693115
52.75,-65.26425,1019.30,-18,78.26, -,8.693115
52.80,-65.26425,1019.30,-18,78.26, -,8.693115
52.85,-65.26425,1019.30,-18,78.26, -,8.693115
52.90,-67.98193,1019.40,-18,78.26, -,8.693115
52.95,-67.98193,1019.40,-18,78.26, -,8.693115
53.00,-67.98193,1019.40,-15.42857,78.26, -,8.693115
53.05,-67.98193,1019.40,-15.42857,78.26, -,8.693115
53.10,-70.69774,1019.50,-18,78.26, -,8.693115
53.15,-70.69774,1019.50,-15.42857,78.26, -,8.693115
53.20,-70.69774,1019.50,-15.42857,78.26, -,8.693115
53.25,-73.41333,1019.60,-18,78.26, -,8.693115
53.30,-73.41333,1019.60,-15.42857,78.26, -,8.693115
53.35,-76.13036,1019.70,-18,78.26, -,8.693115
53.40,-76.13036,1019.70,-18,78.26, -,8.693115
53.45,-76.13036,1019.70,-15.42857,78.26, -,8.693115
53.50,-76.13036,1019.70,-15.42857,78.26, -,8.693115
53.55,-76.13036,1019.70,-15.42857,78.26, -,8.693115
53.60,-76.13036,1019.70,-12.85714,78.26, -,8.693115
53.65,-76.13036,1019.70,-12.85714,78.26, -,8.693115
53.70,-73.41333,1019.60,-10.28571,78.26, -,8.693115
53.75,-73.41333,1019.60,-7.714286,78.26, -,8.693115
53.80,-73.41333,1019.60,-7.714286,78.26, -,8.693115
53.85,-76.13036,1019.70,-10.28571,78.26, -,8.693115
53.90,-76.13036,1019.70,-10.28571,78.26, -,8.693115
53.95,-78.84552,1019.80,-10.28571,78.26, -,8.693115
54.00,-81.56212,1019.90,-12.85714,78.26, -,8.693115
54.05,-81.56212,1019.90,-12.85714,78.26, -,8.693115
54.10,-84.27685,1020.00,-15.42857,78.26, -,8.693115
54.15,-86.99136,1020.10,-15.42857,78.26, -,8.693115
54.20,-86.99136,1020.10,-15.42857,78.26, -,8.693115
54.25,-89.70731,1020.20,-18,78.26, -,8.693115
54.30,-86.99136,1020.10,-12.85714,78.26, -,8.693115
54.35,-86.99136,1020.10,-12.85714,78.26, -,8.693115
54.40,-86.99136,1020.10,-10.28571,78.26, -,8.693115
54.45,-81.56212,1019.90,-5.095238,78.26, -,8.693115
54.50,-78.84552,1019.80,-2.523809,78.26, -,8.693115
54.55,-76.13036,1019.70,0.04761905,78.26, -,8.693115
54.60,-78.84552,1019.80,-2.523809,78.26, -,8.693115
54.65,-84.27685,1020.00,-7.714286,78.26, -,8.693115
54.70,-86.99136,1020.10,-10.28571,78.26, -,8.693115
54.75,-89.70731,1020.20,-15.42857,78.26, -,8.693115
54.80,-89.70731,1020.20,-15.42857,78.26, -,8.693115
54.85,-89.70731,1020.20,-15.42857,78.26, -,8.693115
54.90,-89.70731,1020.20,-12.85714,78.26, -,8.693115
54.95,-92.42139,1020.30,-15.42857,78.26, -,8.693115
55.00,-92.42139,1020.30,-12.85714,78.26, -,8.693115
55.05,-95.13691,1020.40,-12.85714,78.26, -,8.693115
55.10,-97.85056,1020.50,-15.42857,78.26, -,8.693115
55.15,-97.85056,1020.50,-12.85714,78.26, -,8.693115
55.20,-97.85056,1020.50,-10.28571,78.26, -,8.693115
55.25,-95.13691,1020.40,-7.714286,78.26, -,8.693115
55.30,-95.13691,1020.40,-5.142857,78.26, -,8.693115
55.35,-92.42139,1020.30,-5.142857,78.26, -,8.693115
55.40,-92.42139,1020.30,-5.142857,78.26, -,8.693115
55.45,-92.42139,1020.30,-5.142857,78.26, -,8.693115
55.50,-92.42139,1020.30,-10.33333,78.26, -,8.693115
55.55,-92.42139,1020.30,-12.90476,78.26, -,8.693115
55.60,-95.13691,1020.40,-18.04762,78.26, -,8.693115
55.65,-97.85056,1020.50,-18.04762,78.26, -,8.693115
55.70,-100.564,1020.60,-15.42857,78.26, -,8.693115
55.75,-100.564,1020.60,-12.85714,78.26, -,8.693115
55.80,-103.2789,1020.70,-12.85714,78.26, -,8.693115
55.85,-103.2789,1020.70,-12.85714,78.26, -,8.693115
55.90,-103.2789,1020.70,-12.85714,78.26, -,8.693115
55.95,-103.2789,1020.70,-12.85714,78.26, -,8.693115
56.00,-103.2789,1020.70,-10.28571,78.26, -,8.693115
56.05,-103.2789,1020.70,-10.28571,78.26, -,8.693115
56.10,-105.9919,1020.80,-10.28571,78.26, -,8.693115
56.15,-105.9919,1020.80,-7.714286,78.26, -,8.693115
56.20,-105.9919,1020.80,-7.714286,78.26, -,8.693115
56.25,-108.7063,1020.90,-10.28571,78.26, -,8.693115
56.30,-108.7063,1020.90,-12.85714,78.26, -,8.693115
56.35,-108.7063,1020.90,-12.85714,78.26, -,8.693115
56.40,-108.7063,1020.90,-15.42857,78.26, -,8.693115
56.45,-108.7063,1020.90,-15.42857,78.26, -,8.693115
56.50,-108.7063,1020.90,-15.42857,78.26, -,8.693115
56.55,-111.4189,1021.00,-18,78.26, -,8.693115
56.60,-111.4189,1021.00,-18,78.26, -,8.693115
56.65,-111.4189,1021.00,-15.42857,78.26, -,8.693115
56.70,-111.4189,1021.00,-12.85714,78.26, -,8.693115
56.75,-111.4189,1021.00,-10.28571,78.26, -,8.693115
56.80,-111.4189,1021.00,-10.28571,78.26, -,8.693115
56.85,-111.4189,1021.00,-7.714286,78.26, -,8.693115
56.90,-111.4189,1021.00,-7.714286,78.26, -,8.693115
56.95,-111.4189,1021.00,-7.714286,78.26, -,8.693115
57.00,-111.4189,1021.00,-7.714286,78.26, -,8.693115
57.05,-114.1313,1021.10,-10.28571,78.26, -,8.693115
57.10,-114.1313,1021.10,-10.28571,78.26, -,8.693115
57.15,-114.1313,1021.10,-7.714286,78.26, -,8.693115
57.20,-114.1313,1021.10,-7.714286,78.26, -,8.693115
57.25,-114.1313,1021.10,-7.714286,78.26, -,8.693115
57.30,-114.1313,1021.10,-5.142857,78.26, -,8.693115
57.35,-111.4189,1021.00,-2.571429,78.26, -,8.693115
57.40,-111.4189,1021.00,-2.571429,78.26, -,8.693115
57.45,-111.4189,1021.00,-2.571429,78.26, -,8.693115
57.50,-111.4189,1021.00,-2.571429,78.26, -,8.693115
57.55,-111.4189,1021.00,-2.571429,78.26, -,8.693115
57.60,-114.1313,1021.10,-2.571429,78.26, -,8.693115
57.65,-114.1313,1021.10,-2.571429,78.26, -,8.693115
57.70,-114.1313,1021.10,-2.571429,78.26, -,8.693115
57.75,-114.1313,1021.10,-2.571429,78.26, -,8.693115
57.80,-114.1313,1021.10,-2.571429,78.26, -,8.693115
57.85,-114.1313,1021.10,-2.571429,78.26, -,8.693115
57.90,-114.1313,1021.10,-2.571429,78.26, -,8.693115
57.95,-111.4189,1021.00,0,78.26, -,8.693115
58.00,-111.4189,1021.00,0,78.26, -,8.693115
58.05,-111.4189,1021.00,0,78.26, -,8.693115
58.10,-111.4189,1021.00,2.571429,78.26, -,8.693115
58.15,-111.4189,1021.00,2.571429,78.26, -,8.693115
58.20,-111.4189,1021.00,2.571429,78.26, -,8.693115
58.25,-111.4189,1021.00,2.571429,78.26, -,8.693115
58.30,-111.4189,1021.00,2.571429,78.26, -,8.693115
58.35,-111.4189,1021.00,2.571429,78.26, -,8.693115
58.40,-108.7063,1020.90,2.571429,78.26, -,8.693115
58.45,-108.7063,1020.90,2.571429,78.26, -,8.693115
58.50,-108.7063,1020.90,2.571429,78.26, -,8.693115
58.55,-108.7063,1020.90,2.571429, -
58.60,-108.7063,1020.90,2.571429, -
58.65,-108.7063,1020.90,5.142857, -
58.70,-108.7063,1020.90,5.142857, -
58.75,-108.7063,1020.90,5.142857, -
58.80,-108.7063,1020.90,5.142857, -
58.85,-108.7063,1020.90,5.142857, -
58.90,-108.7063,1020.90,5.142857, -
58.95,-108.7063,1020.90,5.142857, -
59.00,-108.7063,1020.90,2.571429, -
59.05,-108.7063,1020.90,2.571429, -
59.10,-108.7063,1020.90,2.571429, -
